framework,namespace,pod,container,type,value
karmada,karmada-system,karmada-agent-f95c4fdc6-p88cd,POD,received_bytes,4428.4838316754895
karmada,karmada-system,karmada-agent-f95c4fdc6-p88cd,POD,received_packets,4.606789683044511
karmada,karmada-system,karmada-agent-f95c4fdc6-p88cd,POD,transmit_bytes,867.8567314397653
karmada,karmada-system,karmada-agent-f95c4fdc6-p88cd,POD,transmit_packets,4.841128260265556
karmada,kube-prometheus-stack,alertmanager-kube-prometheus-stack-alertmanager-0,POD,received_bytes,280.02489727812895
karmada,kube-prometheus-stack,alertmanager-kube-prometheus-stack-alertmanager-0,POD,received_packets,1.9643380901303822
karmada,kube-prometheus-stack,alertmanager-kube-prometheus-stack-alertmanager-0,POD,transmit_bytes,360.7129198657684
karmada,kube-prometheus-stack,alertmanager-kube-prometheus-stack-alertmanager-0,POD,transmit_packets,1.7257347044036466
karmada,kube-prometheus-stack,kube-prometheus-stack-grafana-7cf5785ff8-ctb9d,POD,received_bytes,10137.727043552637
karmada,kube-prometheus-stack,kube-prometheus-stack-grafana-7cf5785ff8-ctb9d,POD,received_packets,2.0911472183801547
karmada,kube-prometheus-stack,kube-prometheus-stack-grafana-7cf5785ff8-ctb9d,POD,transmit_bytes,315.0476671227849
karmada,kube-prometheus-stack,kube-prometheus-stack-grafana-7cf5785ff8-ctb9d,POD,transmit_packets,1.9032652407240818
karmada,kube-prometheus-stack,kube-prometheus-stack-kube-state-metrics-65594f9476-hsqrn,POD,received_bytes,1249.8977012011583
karmada,kube-prometheus-stack,kube-prometheus-stack-kube-state-metrics-65594f9476-hsqrn,POD,received_packets,4.545239165959774
karmada,kube-prometheus-stack,kube-prometheus-stack-kube-state-metrics-65594f9476-hsqrn,POD,transmit_bytes,14457.922084086065
karmada,kube-prometheus-stack,kube-prometheus-stack-kube-state-metrics-65594f9476-hsqrn,POD,transmit_packets,4.00396410269442
karmada,kube-prometheus-stack,kube-prometheus-stack-operator-75bc89f54b-qlstn,POD,received_bytes,414.3662345253323
karmada,kube-prometheus-stack,kube-prometheus-stack-operator-75bc89f54b-qlstn,POD,received_packets,0.9127265730178888
karmada,kube-prometheus-stack,kube-prometheus-stack-operator-75bc89f54b-qlstn,POD,transmit_bytes,216.17281286818684
karmada,kube-prometheus-stack,kube-prometheus-stack-operator-75bc89f54b-qlstn,POD,transmit_packets,0.9456047464297903
karmada,kube-prometheus-stack,kube-prometheus-stack-prometheus-node-exporter-55gws,POD,received_bytes,1739.1442442071043
karmada,kube-prometheus-stack,kube-prometheus-stack-prometheus-node-exporter-55gws,POD,received_packets,5.405766008376606
karmada,kube-prometheus-stack,kube-prometheus-stack-prometheus-node-exporter-55gws,POD,transmit_bytes,2543.2564342651367
karmada,kube-prometheus-stack,kube-prometheus-stack-prometheus-node-exporter-55gws,POD,transmit_packets,5.649067163947063
karmada,kube-prometheus-stack,kube-prometheus-stack-prometheus-node-exporter-5w9sm,POD,received_bytes,5972.483851351706
karmada,kube-prometheus-stack,kube-prometheus-stack-prometheus-node-exporter-5w9sm,POD,received_packets,31.100228518569082
karmada,kube-prometheus-stack,kube-prometheus-stack-prometheus-node-exporter-5w9sm,POD,transmit_bytes,34675.700473275094
karmada,kube-prometheus-stack,kube-prometheus-stack-prometheus-node-exporter-5w9sm,POD,transmit_packets,30.11400636811635
karmada,kube-prometheus-stack,kube-prometheus-stack-prometheus-node-exporter-9d9zz,POD,received_bytes,1608.1677414333126
karmada,kube-prometheus-stack,kube-prometheus-stack-prometheus-node-exporter-9d9zz,POD,received_packets,4.623811681313109
karmada,kube-prometheus-stack,kube-prometheus-stack-prometheus-node-exporter-9d9zz,POD,transmit_bytes,2624.730315976401
karmada,kube-prometheus-stack,kube-prometheus-stack-prometheus-node-exporter-9d9zz,POD,transmit_packets,4.883716997832231
karmada,kube-prometheus-stack,kube-prometheus-stack-prometheus-node-exporter-hpp55,POD,received_bytes,47164.23751689666
karmada,kube-prometheus-stack,kube-prometheus-stack-prometheus-node-exporter-hpp55,POD,received_packets,32.286109778115296
karmada,kube-prometheus-stack,kube-prometheus-stack-prometheus-node-exporter-hpp55,POD,transmit_bytes,35982.8426360217
karmada,kube-prometheus-stack,kube-prometheus-stack-prometheus-node-exporter-hpp55,POD,transmit_packets,30.717298864225725
karmada,kube-prometheus-stack,kube-prometheus-stack-prometheus-node-exporter-hth2m,POD,received_bytes,10696.451141185607
karmada,kube-prometheus-stack,kube-prometheus-stack-prometheus-node-exporter-hth2m,POD,received_packets,5.51554934369016
karmada,kube-prometheus-stack,kube-prometheus-stack-prometheus-node-exporter-hth2m,POD,transmit_bytes,11515.155273006207
karmada,kube-prometheus-stack,kube-prometheus-stack-prometheus-node-exporter-hth2m,POD,transmit_packets,5.835635587832147
karmada,kube-prometheus-stack,kube-prometheus-stack-prometheus-node-exporter-sdgc5,POD,received_bytes,22671.065154119642
karmada,kube-prometheus-stack,kube-prometheus-stack-prometheus-node-exporter-sdgc5,POD,received_packets,21.783056948167104
karmada,kube-prometheus-stack,kube-prometheus-stack-prometheus-node-exporter-sdgc5,POD,transmit_bytes,37737.31843578108
karmada,kube-prometheus-stack,kube-prometheus-stack-prometheus-node-exporter-sdgc5,POD,transmit_packets,22.85553745241903
karmada,kube-prometheus-stack,prometheus-kube-prometheus-stack-prometheus-0,POD,received_bytes,30050.093116861353
karmada,kube-prometheus-stack,prometheus-kube-prometheus-stack-prometheus-0,POD,received_packets,12.03530774025026
karmada,kube-prometheus-stack,prometheus-kube-prometheus-stack-prometheus-0,POD,transmit_bytes,1174.207974580706
karmada,kube-prometheus-stack,prometheus-kube-prometheus-stack-prometheus-0,POD,transmit_packets,11.329379783010758
karmada,kube-system,calico-kube-controllers-658d97c59c-b76x5,POD,received_bytes,1185.54356036933
karmada,kube-system,calico-kube-controllers-658d97c59c-b76x5,POD,received_packets,1.0000224549480867
karmada,kube-system,calico-kube-controllers-658d97c59c-b76x5,POD,transmit_bytes,82.83983310624045
karmada,kube-system,calico-kube-controllers-658d97c59c-b76x5,POD,transmit_packets,0.9134089357432189
karmada,kube-system,calico-node-2ghwk,POD,received_bytes,46272.7481161741
karmada,kube-system,calico-node-2ghwk,POD,received_packets,31.114752683779244
karmada,kube-system,calico-node-2ghwk,POD,transmit_bytes,35124.76331340237
karmada,kube-system,calico-node-2ghwk,POD,transmit_packets,29.524268547362425
karmada,kube-system,calico-node-5rxqc,POD,received_bytes,1746.103308368005
karmada,kube-system,calico-node-5rxqc,POD,received_packets,5.556579862381401
karmada,kube-system,calico-node-5rxqc,POD,transmit_bytes,2687.313047464163
karmada,kube-system,calico-node-5rxqc,POD,transmit_packets,5.797412395043027
karmada,kube-system,calico-node-k9b5f,POD,received_bytes,5571.059098486729
karmada,kube-system,calico-node-k9b5f,POD,received_packets,29.847321314052834
karmada,kube-system,calico-node-k9b5f,POD,transmit_bytes,30140.102268673996
karmada,kube-system,calico-node-k9b5f,POD,transmit_packets,28.793702262346414
karmada,kube-system,calico-node-lbrgs,POD,received_bytes,22122.09848896899
karmada,kube-system,calico-node-lbrgs,POD,received_packets,21.26196944397038
karmada,kube-system,calico-node-lbrgs,POD,transmit_bytes,36835.50229635941
karmada,kube-system,calico-node-lbrgs,POD,transmit_packets,22.313425456898603
karmada,kube-system,calico-node-ssn5n,POD,received_bytes,13436.78478139628
karmada,kube-system,calico-node-ssn5n,POD,received_packets,6.2075863798431925
karmada,kube-system,calico-node-ssn5n,POD,transmit_bytes,14316.98558048388
karmada,kube-system,calico-node-ssn5n,POD,transmit_packets,6.561305855732964
karmada,kube-system,calico-node-x5wft,POD,received_bytes,1689.7432434105635
karmada,kube-system,calico-node-x5wft,POD,received_packets,4.70271577757379
karmada,kube-system,calico-node-x5wft,POD,transmit_bytes,2643.129993413356
karmada,kube-system,calico-node-x5wft,POD,transmit_packets,4.944022827330066
karmada,kube-system,coredns-76f75df574-r9f6g,POD,received_bytes,100.20303898397293
karmada,kube-system,coredns-76f75df574-r9f6g,POD,received_packets,1.0826703997559584
karmada,kube-system,coredns-76f75df574-r9f6g,POD,transmit_bytes,94.4859174919321
karmada,kube-system,coredns-76f75df574-r9f6g,POD,transmit_packets,0.9967216317812033
karmada,kube-system,coredns-76f75df574-xvbrm,POD,received_bytes,104.79581338836414
karmada,kube-system,coredns-76f75df574-xvbrm,POD,received_packets,1.1300346504009886
karmada,kube-system,coredns-76f75df574-xvbrm,POD,transmit_bytes,98.81864618814248
karmada,kube-system,coredns-76f75df574-xvbrm,POD,transmit_packets,1.0430579918869032
karmada,kube-system,etcd-kubernetes-1,POD,received_bytes,5658.385686352218
karmada,kube-system,etcd-kubernetes-1,POD,received_packets,30.321420101370826
karmada,kube-system,etcd-kubernetes-1,POD,transmit_bytes,32236.801016220837
karmada,kube-system,etcd-kubernetes-1,POD,transmit_packets,29.433385037660877
karmada,kube-system,kube-apiserver-kubernetes-1,POD,received_bytes,6017.653775667172
karmada,kube-system,kube-apiserver-kubernetes-1,POD,received_packets,30.929141331375973
karmada,kube-system,kube-apiserver-kubernetes-1,POD,transmit_bytes,32553.776705070508
karmada,kube-system,kube-apiserver-kubernetes-1,POD,transmit_packets,29.972872106280704
karmada,kube-system,kube-controller-manager-kubernetes-1,POD,received_bytes,5868.699486421212
karmada,kube-system,kube-controller-manager-kubernetes-1,POD,received_packets,30.611056834350173
karmada,kube-system,kube-controller-manager-kubernetes-1,POD,transmit_bytes,31845.161494053442
karmada,kube-system,kube-controller-manager-kubernetes-1,POD,transmit_packets,29.548144885379976
karmada,kube-system,kube-proxy-4k95n,POD,received_bytes,22359.1417200376
karmada,kube-system,kube-proxy-4k95n,POD,received_packets,21.62170737839653
karmada,kube-system,kube-proxy-4k95n,POD,transmit_bytes,37144.28276237118
karmada,kube-system,kube-proxy-4k95n,POD,transmit_packets,22.67726613105307
karmada,kube-system,kube-proxy-8jmzv,POD,received_bytes,14391.027414700591
karmada,kube-system,kube-proxy-8jmzv,POD,received_packets,6.3680410758713535
karmada,kube-system,kube-proxy-8jmzv,POD,transmit_bytes,15220.337032042113
karmada,kube-system,kube-proxy-8jmzv,POD,transmit_packets,6.695410892484741
karmada,kube-system,kube-proxy-dscjw,POD,received_bytes,46941.80390719889
karmada,kube-system,kube-proxy-dscjw,POD,received_packets,32.99093308304015
karmada,kube-system,kube-proxy-dscjw,POD,transmit_bytes,36298.01514715477
karmada,kube-system,kube-proxy-dscjw,POD,transmit_packets,31.32671129325862
karmada,kube-system,kube-proxy-vhnmr,POD,received_bytes,1611.409134821369
karmada,kube-system,kube-proxy-vhnmr,POD,received_packets,5.358901350417117
karmada,kube-system,kube-proxy-vhnmr,POD,transmit_bytes,2556.475202562856
karmada,kube-system,kube-proxy-vhnmr,POD,transmit_packets,5.631631877024697
karmada,kube-system,kube-proxy-w5c2l,POD,received_bytes,6247.4788345263405
karmada,kube-system,kube-proxy-w5c2l,POD,received_packets,31.88884429518594
karmada,kube-system,kube-proxy-w5c2l,POD,transmit_bytes,33417.152099253806
karmada,kube-system,kube-proxy-w5c2l,POD,transmit_packets,30.85151277951948
karmada,kube-system,kube-proxy-wl98f,POD,received_bytes,1838.6087790694494
karmada,kube-system,kube-proxy-wl98f,POD,received_packets,4.858711114733797
karmada,kube-system,kube-proxy-wl98f,POD,transmit_bytes,2783.759583097569
karmada,kube-system,kube-proxy-wl98f,POD,transmit_packets,5.092832291949894
karmada,kube-system,kube-scheduler-kubernetes-1,POD,received_bytes,6182.526652786157
karmada,kube-system,kube-scheduler-kubernetes-1,POD,received_packets,31.266030617697744
karmada,kube-system,kube-scheduler-kubernetes-1,POD,transmit_bytes,34026.51702990296
karmada,kube-system,kube-scheduler-kubernetes-1,POD,transmit_packets,30.33167924674317
karmada,kube-system,metrics-server-69fb86cf66-7sh6s,POD,received_bytes,47011.4093810254
karmada,kube-system,metrics-server-69fb86cf66-7sh6s,POD,received_packets,31.87437075813675
karmada,kube-system,metrics-server-69fb86cf66-7sh6s,POD,transmit_bytes,35677.074271623176
karmada,kube-system,metrics-server-69fb86cf66-7sh6s,POD,transmit_packets,30.330307420493035
kubernetes,kube-prometheus-stack,alertmanager-kube-prometheus-stack-alertmanager-0,POD,received_bytes,259.2640527994399
kubernetes,kube-prometheus-stack,alertmanager-kube-prometheus-stack-alertmanager-0,POD,received_packets,1.914308316238187
kubernetes,kube-prometheus-stack,alertmanager-kube-prometheus-stack-alertmanager-0,POD,transmit_bytes,355.6880923911226
kubernetes,kube-prometheus-stack,alertmanager-kube-prometheus-stack-alertmanager-0,POD,transmit_packets,1.716023360294283
kubernetes,kube-prometheus-stack,kube-prometheus-stack-grafana-7cf5785ff8-ctb9d,POD,received_bytes,11997.09245139492
kubernetes,kube-prometheus-stack,kube-prometheus-stack-grafana-7cf5785ff8-ctb9d,POD,received_packets,2.3313445721569255
kubernetes,kube-prometheus-stack,kube-prometheus-stack-grafana-7cf5785ff8-ctb9d,POD,transmit_bytes,352.9936185554083
kubernetes,kube-prometheus-stack,kube-prometheus-stack-grafana-7cf5785ff8-ctb9d,POD,transmit_packets,2.0924326458923383
kubernetes,kube-prometheus-stack,kube-prometheus-stack-kube-state-metrics-65594f9476-hsqrn,POD,received_bytes,1311.971663157313
kubernetes,kube-prometheus-stack,kube-prometheus-stack-kube-state-metrics-65594f9476-hsqrn,POD,received_packets,4.689323912860338
kubernetes,kube-prometheus-stack,kube-prometheus-stack-kube-state-metrics-65594f9476-hsqrn,POD,transmit_bytes,13891.802297244309
kubernetes,kube-prometheus-stack,kube-prometheus-stack-kube-state-metrics-65594f9476-hsqrn,POD,transmit_packets,4.180881000179696
kubernetes,kube-prometheus-stack,kube-prometheus-stack-operator-75bc89f54b-qlstn,POD,received_bytes,429.76026816501343
kubernetes,kube-prometheus-stack,kube-prometheus-stack-operator-75bc89f54b-qlstn,POD,received_packets,0.9745174812432507
kubernetes,kube-prometheus-stack,kube-prometheus-stack-operator-75bc89f54b-qlstn,POD,transmit_bytes,243.34052217137608
kubernetes,kube-prometheus-stack,kube-prometheus-stack-operator-75bc89f54b-qlstn,POD,transmit_packets,1.0478988180912912
kubernetes,kube-prometheus-stack,kube-prometheus-stack-prometheus-node-exporter-55gws,POD,received_bytes,1698.963100992855
kubernetes,kube-prometheus-stack,kube-prometheus-stack-prometheus-node-exporter-55gws,POD,received_packets,5.289650318409085
kubernetes,kube-prometheus-stack,kube-prometheus-stack-prometheus-node-exporter-55gws,POD,transmit_bytes,2391.332857098658
kubernetes,kube-prometheus-stack,kube-prometheus-stack-prometheus-node-exporter-55gws,POD,transmit_packets,5.47143023207056
kubernetes,kube-prometheus-stack,kube-prometheus-stack-prometheus-node-exporter-5w9sm,POD,received_bytes,3282.4804951895603
kubernetes,kube-prometheus-stack,kube-prometheus-stack-prometheus-node-exporter-5w9sm,POD,received_packets,23.942706465034604
kubernetes,kube-prometheus-stack,kube-prometheus-stack-prometheus-node-exporter-5w9sm,POD,transmit_bytes,28280.277744591713
kubernetes,kube-prometheus-stack,kube-prometheus-stack-prometheus-node-exporter-5w9sm,POD,transmit_packets,23.06496540001828
kubernetes,kube-prometheus-stack,kube-prometheus-stack-prometheus-node-exporter-9d9zz,POD,received_bytes,1628.6087831606603
kubernetes,kube-prometheus-stack,kube-prometheus-stack-prometheus-node-exporter-9d9zz,POD,received_packets,4.771188005153102
kubernetes,kube-prometheus-stack,kube-prometheus-stack-prometheus-node-exporter-9d9zz,POD,transmit_bytes,2613.602819649677
kubernetes,kube-prometheus-stack,kube-prometheus-stack-prometheus-node-exporter-9d9zz,POD,transmit_packets,4.965008554719791
kubernetes,kube-prometheus-stack,kube-prometheus-stack-prometheus-node-exporter-hpp55,POD,received_bytes,45833.95231902639
kubernetes,kube-prometheus-stack,kube-prometheus-stack-prometheus-node-exporter-hpp55,POD,received_packets,28.488516260400075
kubernetes,kube-prometheus-stack,kube-prometheus-stack-prometheus-node-exporter-hpp55,POD,transmit_bytes,32719.540193502733
kubernetes,kube-prometheus-stack,kube-prometheus-stack-prometheus-node-exporter-hpp55,POD,transmit_packets,27.761744668367147
kubernetes,kube-prometheus-stack,kube-prometheus-stack-prometheus-node-exporter-hth2m,POD,received_bytes,12653.877630302706
kubernetes,kube-prometheus-stack,kube-prometheus-stack-prometheus-node-exporter-hth2m,POD,received_packets,5.99660585158468
kubernetes,kube-prometheus-stack,kube-prometheus-stack-prometheus-node-exporter-hth2m,POD,transmit_bytes,13436.136396941802
kubernetes,kube-prometheus-stack,kube-prometheus-stack-prometheus-node-exporter-hth2m,POD,transmit_packets,6.240529293609708
kubernetes,kube-prometheus-stack,kube-prometheus-stack-prometheus-node-exporter-sdgc5,POD,received_bytes,16271.727281194551
kubernetes,kube-prometheus-stack,kube-prometheus-stack-prometheus-node-exporter-sdgc5,POD,received_packets,11.49486251058621
kubernetes,kube-prometheus-stack,kube-prometheus-stack-prometheus-node-exporter-sdgc5,POD,transmit_bytes,30534.190104071662
kubernetes,kube-prometheus-stack,kube-prometheus-stack-prometheus-node-exporter-sdgc5,POD,transmit_packets,12.421088835836457
kubernetes,kube-prometheus-stack,prometheus-kube-prometheus-stack-prometheus-0,POD,received_bytes,29529.807551484537
kubernetes,kube-prometheus-stack,prometheus-kube-prometheus-stack-prometheus-0,POD,received_packets,11.785194471507873
kubernetes,kube-prometheus-stack,prometheus-kube-prometheus-stack-prometheus-0,POD,transmit_bytes,1142.8623516183095
kubernetes,kube-prometheus-stack,prometheus-kube-prometheus-stack-prometheus-0,POD,transmit_packets,11.083595533861862
kubernetes,kube-system,calico-kube-controllers-658d97c59c-b76x5,POD,received_bytes,935.8672399896508
kubernetes,kube-system,calico-kube-controllers-658d97c59c-b76x5,POD,received_packets,0.8509709212881216
kubernetes,kube-system,calico-kube-controllers-658d97c59c-b76x5,POD,transmit_bytes,68.05455882200748
kubernetes,kube-system,calico-kube-controllers-658d97c59c-b76x5,POD,transmit_packets,0.797229323815758
kubernetes,kube-system,calico-node-2ghwk,POD,received_bytes,45417.80135868575
kubernetes,kube-system,calico-node-2ghwk,POD,received_packets,28.77739148699091
kubernetes,kube-system,calico-node-2ghwk,POD,transmit_bytes,32761.268277942974
kubernetes,kube-system,calico-node-2ghwk,POD,transmit_packets,28.066952638643922
kubernetes,kube-system,calico-node-5rxqc,POD,received_bytes,1721.439693917404
kubernetes,kube-system,calico-node-5rxqc,POD,received_packets,5.4845414961656624
kubernetes,kube-system,calico-node-5rxqc,POD,transmit_bytes,2537.5533991672637
kubernetes,kube-system,calico-node-5rxqc,POD,transmit_packets,5.683943439679598
kubernetes,kube-system,calico-node-k9b5f,POD,received_bytes,2877.7252567067535
kubernetes,kube-system,calico-node-k9b5f,POD,received_packets,22.43812259878467
kubernetes,kube-system,calico-node-k9b5f,POD,transmit_bytes,26589.857818757126
kubernetes,kube-system,calico-node-k9b5f,POD,transmit_packets,21.538760512336868
kubernetes,kube-system,calico-node-lbrgs,POD,received_bytes,16269.313121062509
kubernetes,kube-system,calico-node-lbrgs,POD,received_packets,12.022462551229026
kubernetes,kube-system,calico-node-lbrgs,POD,transmit_bytes,30404.344024749123
kubernetes,kube-system,calico-node-lbrgs,POD,transmit_packets,12.92558060802754
kubernetes,kube-system,calico-node-ssn5n,POD,received_bytes,12354.312029795889
kubernetes,kube-system,calico-node-ssn5n,POD,received_packets,6.016586630918759
kubernetes,kube-system,calico-node-ssn5n,POD,transmit_bytes,13210.627515420929
kubernetes,kube-system,calico-node-ssn5n,POD,transmit_packets,6.255640930336084
kubernetes,kube-system,calico-node-x5wft,POD,received_bytes,1809.1477774223188
kubernetes,kube-system,calico-node-x5wft,POD,received_packets,4.9512302836151045
kubernetes,kube-system,calico-node-x5wft,POD,transmit_bytes,2749.7960564472796
kubernetes,kube-system,calico-node-x5wft,POD,transmit_packets,5.1399713960295985
kubernetes,kube-system,coredns-76f75df574-r9f6g,POD,received_bytes,101.85189864095446
kubernetes,kube-system,coredns-76f75df574-r9f6g,POD,received_packets,1.101348918986496
kubernetes,kube-system,coredns-76f75df574-r9f6g,POD,transmit_bytes,95.1517171886655
kubernetes,kube-system,coredns-76f75df574-r9f6g,POD,transmit_packets,1.0025236830704805
kubernetes,kube-system,coredns-76f75df574-xvbrm,POD,received_bytes,101.05342598765544
kubernetes,kube-system,coredns-76f75df574-xvbrm,POD,received_packets,1.0899037414682995
kubernetes,kube-system,coredns-76f75df574-xvbrm,POD,transmit_bytes,97.43862905587207
kubernetes,kube-system,coredns-76f75df574-xvbrm,POD,transmit_packets,1.031609753401712
kubernetes,kube-system,etcd-kubernetes-1,POD,received_bytes,2856.9866637807627
kubernetes,kube-system,etcd-kubernetes-1,POD,received_packets,21.96398592390534
kubernetes,kube-system,etcd-kubernetes-1,POD,transmit_bytes,24726.26438017828
kubernetes,kube-system,etcd-kubernetes-1,POD,transmit_packets,21.153782369366443
kubernetes,kube-system,kube-apiserver-kubernetes-1,POD,received_bytes,3299.4938147064254
kubernetes,kube-system,kube-apiserver-kubernetes-1,POD,received_packets,24.06541200770722
kubernetes,kube-system,kube-apiserver-kubernetes-1,POD,transmit_bytes,28005.457852728
kubernetes,kube-system,kube-apiserver-kubernetes-1,POD,transmit_packets,23.164840567221063
kubernetes,kube-system,kube-controller-manager-kubernetes-1,POD,received_bytes,3348.6421476465944
kubernetes,kube-system,kube-controller-manager-kubernetes-1,POD,received_packets,24.234581076462206
kubernetes,kube-system,kube-controller-manager-kubernetes-1,POD,transmit_bytes,26932.35932026498
kubernetes,kube-system,kube-controller-manager-kubernetes-1,POD,transmit_packets,23.281692010430646
kubernetes,kube-system,kube-proxy-4k95n,POD,received_bytes,16291.480386762194
kubernetes,kube-system,kube-proxy-4k95n,POD,received_packets,11.866695628703264
kubernetes,kube-system,kube-proxy-4k95n,POD,transmit_bytes,30560.99740671515
kubernetes,kube-system,kube-proxy-4k95n,POD,transmit_packets,12.806996438941008
kubernetes,kube-system,kube-proxy-8jmzv,POD,received_bytes,13585.39706557249
kubernetes,kube-system,kube-proxy-8jmzv,POD,received_packets,6.0976559619162005
kubernetes,kube-system,kube-proxy-8jmzv,POD,transmit_bytes,14322.151513991046
kubernetes,kube-system,kube-proxy-8jmzv,POD,transmit_packets,6.301187065415945
kubernetes,kube-system,kube-proxy-dscjw,POD,received_bytes,46059.10404627126
kubernetes,kube-system,kube-proxy-dscjw,POD,received_packets,28.641204032783435
kubernetes,kube-system,kube-proxy-dscjw,POD,transmit_bytes,32990.15066790349
kubernetes,kube-system,kube-proxy-dscjw,POD,transmit_packets,27.924149024043658
kubernetes,kube-system,kube-proxy-vhnmr,POD,received_bytes,1661.953801758885
kubernetes,kube-system,kube-proxy-vhnmr,POD,received_packets,5.389989193010085
kubernetes,kube-system,kube-proxy-vhnmr,POD,transmit_bytes,2464.3554193365867
kubernetes,kube-system,kube-proxy-vhnmr,POD,transmit_packets,5.567956950287347
kubernetes,kube-system,kube-proxy-w5c2l,POD,received_bytes,3221.234995851622
kubernetes,kube-system,kube-proxy-w5c2l,POD,received_packets,23.735129498181795
kubernetes,kube-system,kube-proxy-w5c2l,POD,transmit_bytes,29135.626055306464
kubernetes,kube-system,kube-proxy-w5c2l,POD,transmit_packets,22.90979287678816
kubernetes,kube-system,kube-proxy-wl98f,POD,received_bytes,1608.8363005255826
kubernetes,kube-system,kube-proxy-wl98f,POD,received_packets,4.728063844934788
kubernetes,kube-system,kube-proxy-wl98f,POD,transmit_bytes,2572.7664781274375
kubernetes,kube-system,kube-proxy-wl98f,POD,transmit_packets,4.917456051976725
kubernetes,kube-system,kube-scheduler-kubernetes-1,POD,received_bytes,2952.950328611463
kubernetes,kube-system,kube-scheduler-kubernetes-1,POD,received_packets,22.717306019372
kubernetes,kube-system,kube-scheduler-kubernetes-1,POD,transmit_bytes,29372.684624707512
kubernetes,kube-system,kube-scheduler-kubernetes-1,POD,transmit_packets,21.939146146819144
kubernetes,kube-system,metrics-server-69fb86cf66-7sh6s,POD,received_bytes,44784.49020275761
kubernetes,kube-system,metrics-server-69fb86cf66-7sh6s,POD,received_packets,27.78887876841017
kubernetes,kube-system,metrics-server-69fb86cf66-7sh6s,POD,transmit_bytes,31998.740520274805
kubernetes,kube-system,metrics-server-69fb86cf66-7sh6s,POD,transmit_packets,27.148793004138344
oakestra,cert-manager,cert-manager-7ddd8cdb9f-p2zlv,POD,received_bytes,231.61952113908663
oakestra,cert-manager,cert-manager-7ddd8cdb9f-p2zlv,POD,received_packets,1.1153372921982807
oakestra,cert-manager,cert-manager-7ddd8cdb9f-p2zlv,POD,transmit_bytes,153.67475778071787
oakestra,cert-manager,cert-manager-7ddd8cdb9f-p2zlv,POD,transmit_packets,1.1199430859195043
oakestra,cert-manager,cert-manager-cainjector-57cd76c845-nwkds,POD,received_bytes,166.5650453157282
oakestra,cert-manager,cert-manager-cainjector-57cd76c845-nwkds,POD,received_packets,0.500043194779957
oakestra,cert-manager,cert-manager-cainjector-57cd76c845-nwkds,POD,transmit_bytes,94.16633360167332
oakestra,cert-manager,cert-manager-cainjector-57cd76c845-nwkds,POD,transmit_packets,0.5361145437545728
oakestra,cert-manager,cert-manager-webhook-cf8f9f895-4hj5j,POD,received_bytes,135.80864066890774
oakestra,cert-manager,cert-manager-webhook-cf8f9f895-4hj5j,POD,received_packets,1.5124053541765994
oakestra,cert-manager,cert-manager-webhook-cf8f9f895-4hj5j,POD,transmit_bytes,115.89039033252557
oakestra,cert-manager,cert-manager-webhook-cf8f9f895-4hj5j,POD,transmit_packets,1.3205816711258804
oakestra,kube-prometheus-stack,alertmanager-kube-prometheus-stack-alertmanager-0,POD,received_bytes,330.08322173477944
oakestra,kube-prometheus-stack,alertmanager-kube-prometheus-stack-alertmanager-0,POD,received_packets,1.9737146436067243
oakestra,kube-prometheus-stack,alertmanager-kube-prometheus-stack-alertmanager-0,POD,transmit_bytes,363.5168951966709
oakestra,kube-prometheus-stack,alertmanager-kube-prometheus-stack-alertmanager-0,POD,transmit_packets,1.7585179547299337
oakestra,kube-prometheus-stack,kube-prometheus-stack-grafana-7cf5785ff8-x7284,POD,received_bytes,10054.251388807725
oakestra,kube-prometheus-stack,kube-prometheus-stack-grafana-7cf5785ff8-x7284,POD,received_packets,2.3239955116088797
oakestra,kube-prometheus-stack,kube-prometheus-stack-grafana-7cf5785ff8-x7284,POD,transmit_bytes,322.44559100001294
oakestra,kube-prometheus-stack,kube-prometheus-stack-grafana-7cf5785ff8-x7284,POD,transmit_packets,1.9822047000772904
oakestra,kube-prometheus-stack,kube-prometheus-stack-kube-state-metrics-65594f9476-kq8wt,POD,received_bytes,2768.7666128295314
oakestra,kube-prometheus-stack,kube-prometheus-stack-kube-state-metrics-65594f9476-kq8wt,POD,received_packets,5.977023473858565
oakestra,kube-prometheus-stack,kube-prometheus-stack-kube-state-metrics-65594f9476-kq8wt,POD,transmit_bytes,19422.483397900076
oakestra,kube-prometheus-stack,kube-prometheus-stack-kube-state-metrics-65594f9476-kq8wt,POD,transmit_packets,5.392165436317263
oakestra,kube-prometheus-stack,kube-prometheus-stack-operator-75bc89f54b-c2p2r,POD,received_bytes,515.5373954784573
oakestra,kube-prometheus-stack,kube-prometheus-stack-operator-75bc89f54b-c2p2r,POD,received_packets,0.973346472426484
oakestra,kube-prometheus-stack,kube-prometheus-stack-operator-75bc89f54b-c2p2r,POD,transmit_bytes,233.35067100087988
oakestra,kube-prometheus-stack,kube-prometheus-stack-operator-75bc89f54b-c2p2r,POD,transmit_packets,1.0357770361657785
oakestra,kube-prometheus-stack,kube-prometheus-stack-prometheus-node-exporter-66fvt,POD,received_bytes,23440.97365259382
oakestra,kube-prometheus-stack,kube-prometheus-stack-prometheus-node-exporter-66fvt,POD,received_packets,15.76497975033868
oakestra,kube-prometheus-stack,kube-prometheus-stack-prometheus-node-exporter-66fvt,POD,transmit_bytes,41166.34789281045
oakestra,kube-prometheus-stack,kube-prometheus-stack-prometheus-node-exporter-66fvt,POD,transmit_packets,17.29845702497359
oakestra,kube-prometheus-stack,kube-prometheus-stack-prometheus-node-exporter-7xdtt,POD,received_bytes,13589.922541777216
oakestra,kube-prometheus-stack,kube-prometheus-stack-prometheus-node-exporter-7xdtt,POD,received_packets,17.407587968967807
oakestra,kube-prometheus-stack,kube-prometheus-stack-prometheus-node-exporter-7xdtt,POD,transmit_bytes,13582.100763025805
oakestra,kube-prometheus-stack,kube-prometheus-stack-prometheus-node-exporter-7xdtt,POD,transmit_packets,17.664970560358938
oakestra,kube-prometheus-stack,kube-prometheus-stack-prometheus-node-exporter-9j5sw,POD,received_bytes,3530.901022279491
oakestra,kube-prometheus-stack,kube-prometheus-stack-prometheus-node-exporter-9j5sw,POD,received_packets,8.316529131718694
oakestra,kube-prometheus-stack,kube-prometheus-stack-prometheus-node-exporter-9j5sw,POD,transmit_bytes,3754.3788354342632
oakestra,kube-prometheus-stack,kube-prometheus-stack-prometheus-node-exporter-9j5sw,POD,transmit_packets,8.42447255218488
oakestra,kube-prometheus-stack,kube-prometheus-stack-prometheus-node-exporter-mlnpr,POD,received_bytes,5517.589483070493
oakestra,kube-prometheus-stack,kube-prometheus-stack-prometheus-node-exporter-mlnpr,POD,received_packets,40.1308332995838
oakestra,kube-prometheus-stack,kube-prometheus-stack-prometheus-node-exporter-mlnpr,POD,transmit_bytes,51018.417304678915
oakestra,kube-prometheus-stack,kube-prometheus-stack-prometheus-node-exporter-mlnpr,POD,transmit_packets,38.83709023622492
oakestra,kube-prometheus-stack,kube-prometheus-stack-prometheus-node-exporter-pvspr,POD,received_bytes,64868.86810328442
oakestra,kube-prometheus-stack,kube-prometheus-stack-prometheus-node-exporter-pvspr,POD,received_packets,35.38353479233842
oakestra,kube-prometheus-stack,kube-prometheus-stack-prometheus-node-exporter-pvspr,POD,transmit_bytes,42705.10530908431
oakestra,kube-prometheus-stack,kube-prometheus-stack-prometheus-node-exporter-pvspr,POD,transmit_packets,34.45783134216243
oakestra,kube-prometheus-stack,kube-prometheus-stack-prometheus-node-exporter-wxcsl,POD,received_bytes,17095.22620103245
oakestra,kube-prometheus-stack,kube-prometheus-stack-prometheus-node-exporter-wxcsl,POD,received_packets,13.134679923710541
oakestra,kube-prometheus-stack,kube-prometheus-stack-prometheus-node-exporter-wxcsl,POD,transmit_bytes,16944.90133833169
oakestra,kube-prometheus-stack,kube-prometheus-stack-prometheus-node-exporter-wxcsl,POD,transmit_packets,13.443075957369878
oakestra,kube-prometheus-stack,prometheus-kube-prometheus-stack-prometheus-0,POD,received_bytes,37499.74828096477
oakestra,kube-prometheus-stack,prometheus-kube-prometheus-stack-prometheus-0,POD,received_packets,12.398389137721708
oakestra,kube-prometheus-stack,prometheus-kube-prometheus-stack-prometheus-0,POD,transmit_bytes,1273.3900278989333
oakestra,kube-prometheus-stack,prometheus-kube-prometheus-stack-prometheus-0,POD,transmit_packets,11.976070352627085
oakestra,kube-system,calico-kube-controllers-658d97c59c-jhtlv,POD,received_bytes,2204.4085609755825
oakestra,kube-system,calico-kube-controllers-658d97c59c-jhtlv,POD,received_packets,1.2619387664504589
oakestra,kube-system,calico-kube-controllers-658d97c59c-jhtlv,POD,transmit_bytes,90.04375550811251
oakestra,kube-system,calico-kube-controllers-658d97c59c-jhtlv,POD,transmit_packets,1.058302088792531
oakestra,kube-system,calico-node-cjlx6,POD,received_bytes,14385.828686657153
oakestra,kube-system,calico-node-cjlx6,POD,received_packets,18.415794138621532
oakestra,kube-system,calico-node-cjlx6,POD,transmit_bytes,14242.169163075401
oakestra,kube-system,calico-node-cjlx6,POD,transmit_packets,18.647893610952263
oakestra,kube-system,calico-node-dpm22,POD,received_bytes,26109.95712217622
oakestra,kube-system,calico-node-dpm22,POD,received_packets,16.879921893833604
oakestra,kube-system,calico-node-dpm22,POD,transmit_bytes,45958.346989626974
oakestra,kube-system,calico-node-dpm22,POD,transmit_packets,18.627966022974373
oakestra,kube-system,calico-node-mxtbr,POD,received_bytes,3574.232704546266
oakestra,kube-system,calico-node-mxtbr,POD,received_packets,8.346217913703983
oakestra,kube-system,calico-node-mxtbr,POD,transmit_bytes,3735.861464086513
oakestra,kube-system,calico-node-mxtbr,POD,transmit_packets,8.483269272899479
oakestra,kube-system,calico-node-p9sqh,POD,received_bytes,5666.3314956368185
oakestra,kube-system,calico-node-p9sqh,POD,received_packets,41.30250047940785
oakestra,kube-system,calico-node-p9sqh,POD,transmit_bytes,52558.05458371332
oakestra,kube-system,calico-node-p9sqh,POD,transmit_packets,40.08259234140899
oakestra,kube-system,calico-node-t86w2,POD,received_bytes,64038.98385743858
oakestra,kube-system,calico-node-t86w2,POD,received_packets,35.321868542130524
oakestra,kube-system,calico-node-t86w2,POD,transmit_bytes,42232.521636417085
oakestra,kube-system,calico-node-t86w2,POD,transmit_packets,34.41836286683915
oakestra,kube-system,calico-node-zrkv9,POD,received_bytes,14858.387771148795
oakestra,kube-system,calico-node-zrkv9,POD,received_packets,13.138866230783472
oakestra,kube-system,calico-node-zrkv9,POD,transmit_bytes,14750.947806160146
oakestra,kube-system,calico-node-zrkv9,POD,transmit_packets,13.457627592848667
oakestra,kube-system,coredns-76f75df574-cppbr,POD,received_bytes,191.2088436500188
oakestra,kube-system,coredns-76f75df574-cppbr,POD,received_packets,1.1327562874807013
oakestra,kube-system,coredns-76f75df574-cppbr,POD,transmit_bytes,103.9486740586267
oakestra,kube-system,coredns-76f75df574-cppbr,POD,transmit_packets,1.119679015775138
oakestra,kube-system,coredns-76f75df574-qfcbg,POD,received_bytes,190.74058898926845
oakestra,kube-system,coredns-76f75df574-qfcbg,POD,received_packets,1.1365887862959856
oakestra,kube-system,coredns-76f75df574-qfcbg,POD,transmit_bytes,100.63578100811999
oakestra,kube-system,coredns-76f75df574-qfcbg,POD,transmit_packets,1.0782102592517275
oakestra,kube-system,etcd-kubernetes-1,POD,received_bytes,5480.572620852341
oakestra,kube-system,etcd-kubernetes-1,POD,received_packets,39.80441252514973
oakestra,kube-system,etcd-kubernetes-1,POD,transmit_bytes,51235.466850676436
oakestra,kube-system,etcd-kubernetes-1,POD,transmit_packets,38.722122867432866
oakestra,kube-system,kube-apiserver-kubernetes-1,POD,received_bytes,5843.435061875982
oakestra,kube-system,kube-apiserver-kubernetes-1,POD,received_packets,42.5861001234099
oakestra,kube-system,kube-apiserver-kubernetes-1,POD,transmit_bytes,53135.397375550085
oakestra,kube-system,kube-apiserver-kubernetes-1,POD,transmit_packets,41.24906225871097
oakestra,kube-system,kube-controller-manager-kubernetes-1,POD,received_bytes,5506.282283119636
oakestra,kube-system,kube-controller-manager-kubernetes-1,POD,received_packets,39.97412091155332
oakestra,kube-system,kube-controller-manager-kubernetes-1,POD,transmit_bytes,49273.38867266831
oakestra,kube-system,kube-controller-manager-kubernetes-1,POD,transmit_packets,38.67112558320144
oakestra,kube-system,kube-multus-ds-9c2tc,POD,received_bytes,62811.20754396094
oakestra,kube-system,kube-multus-ds-9c2tc,POD,received_packets,35.3667029499218
oakestra,kube-system,kube-multus-ds-9c2tc,POD,transmit_bytes,41755.8452397408
oakestra,kube-system,kube-multus-ds-9c2tc,POD,transmit_packets,34.49710541389361
oakestra,kube-system,kube-multus-ds-cfqqk,POD,received_bytes,15854.309710182184
oakestra,kube-system,kube-multus-ds-cfqqk,POD,received_packets,13.166704577225623
oakestra,kube-system,kube-multus-ds-cfqqk,POD,transmit_bytes,15737.493032026854
oakestra,kube-system,kube-multus-ds-cfqqk,POD,transmit_packets,13.489059244845455
oakestra,kube-system,kube-multus-ds-gwg6d,POD,received_bytes,25448.170462713126
oakestra,kube-system,kube-multus-ds-gwg6d,POD,received_packets,16.64915653406341
oakestra,kube-system,kube-multus-ds-gwg6d,POD,transmit_bytes,44521.58056228862
oakestra,kube-system,kube-multus-ds-gwg6d,POD,transmit_packets,18.31293195868553
oakestra,kube-system,kube-multus-ds-l266r,POD,received_bytes,13968.372024271404
oakestra,kube-system,kube-multus-ds-l266r,POD,received_packets,18.03534361927841
oakestra,kube-system,kube-multus-ds-l266r,POD,transmit_bytes,14065.754804498254
oakestra,kube-system,kube-multus-ds-l266r,POD,transmit_packets,18.276347301108924
oakestra,kube-system,kube-multus-ds-thtw6,POD,received_bytes,5618.4179223145475
oakestra,kube-system,kube-multus-ds-thtw6,POD,received_packets,40.87110287417017
oakestra,kube-system,kube-multus-ds-thtw6,POD,transmit_bytes,51989.05254505334
oakestra,kube-system,kube-multus-ds-thtw6,POD,transmit_packets,39.73354524739099
oakestra,kube-system,kube-multus-ds-xlb9r,POD,received_bytes,3515.7312424052193
oakestra,kube-system,kube-multus-ds-xlb9r,POD,received_packets,8.015001279116833
oakestra,kube-system,kube-multus-ds-xlb9r,POD,transmit_bytes,3564.1984813808285
oakestra,kube-system,kube-multus-ds-xlb9r,POD,transmit_packets,8.121422073242966
oakestra,kube-system,kube-proxy-25s2f,POD,received_bytes,14351.451628486162
oakestra,kube-system,kube-proxy-25s2f,POD,received_packets,18.408917717000268
oakestra,kube-system,kube-proxy-25s2f,POD,transmit_bytes,14343.972283258221
oakestra,kube-system,kube-proxy-25s2f,POD,transmit_packets,18.65459379868936
oakestra,kube-system,kube-proxy-dq5zr,POD,received_bytes,3703.2872133368005
oakestra,kube-system,kube-proxy-dq5zr,POD,received_packets,8.375982945908738
oakestra,kube-system,kube-proxy-dq5zr,POD,transmit_bytes,3685.4794010442624
oakestra,kube-system,kube-proxy-dq5zr,POD,transmit_packets,8.501187289549733
oakestra,kube-system,kube-proxy-ffszc,POD,received_bytes,5525.818685232771
oakestra,kube-system,kube-proxy-ffszc,POD,received_packets,40.25486129545476
oakestra,kube-system,kube-proxy-ffszc,POD,transmit_bytes,50321.57142850163
oakestra,kube-system,kube-proxy-ffszc,POD,transmit_packets,39.04350616390189
oakestra,kube-system,kube-proxy-ln2xt,POD,received_bytes,24040.725930854514
oakestra,kube-system,kube-proxy-ln2xt,POD,received_packets,16.115390695529886
oakestra,kube-system,kube-proxy-ln2xt,POD,transmit_bytes,42212.0947547705
oakestra,kube-system,kube-proxy-ln2xt,POD,transmit_packets,17.7470134625148
oakestra,kube-system,kube-proxy-lnhdd,POD,received_bytes,59488.98991880665
oakestra,kube-system,kube-proxy-lnhdd,POD,received_packets,33.603616360077005
oakestra,kube-system,kube-proxy-lnhdd,POD,transmit_bytes,39638.69986642997
oakestra,kube-system,kube-proxy-lnhdd,POD,transmit_packets,32.8047665412111
oakestra,kube-system,kube-proxy-s64q6,POD,received_bytes,16305.40633479665
oakestra,kube-system,kube-proxy-s64q6,POD,received_packets,13.600774637339825
oakestra,kube-system,kube-proxy-s64q6,POD,transmit_bytes,16063.301893979968
oakestra,kube-system,kube-proxy-s64q6,POD,transmit_packets,13.890212448834339
oakestra,kube-system,kube-scheduler-kubernetes-1,POD,received_bytes,5487.457937162207
oakestra,kube-system,kube-scheduler-kubernetes-1,POD,received_packets,39.815982824147646
oakestra,kube-system,kube-scheduler-kubernetes-1,POD,transmit_bytes,49629.42693337745
oakestra,kube-system,kube-scheduler-kubernetes-1,POD,transmit_packets,38.473698036153536
oakestra,kube-system,metrics-server-69fb86cf66-bz56n,POD,received_bytes,63823.03369076497
oakestra,kube-system,metrics-server-69fb86cf66-bz56n,POD,received_packets,35.06399799729226
oakestra,kube-system,metrics-server-69fb86cf66-bz56n,POD,transmit_bytes,41961.877079549035
oakestra,kube-system,metrics-server-69fb86cf66-bz56n,POD,transmit_packets,34.13607810460448
oakestra,oakestra-controller-manager,oakestra-controller-manager-d74f6ddf5-rh89f,POD,received_bytes,1092.7132589963487
oakestra,oakestra-controller-manager,oakestra-controller-manager-d74f6ddf5-rh89f,POD,received_packets,3.3988612600640877
oakestra,oakestra-controller-manager,oakestra-controller-manager-d74f6ddf5-rh89f,POD,transmit_bytes,668.6873648286434
oakestra,oakestra-controller-manager,oakestra-controller-manager-d74f6ddf5-rh89f,POD,transmit_packets,3.3042109193603157
oakestra,oakestra-system,cluster-netmanager-7d98656bc5-q8ng6,POD,received_bytes,71.69942496148052
oakestra,oakestra-system,cluster-netmanager-7d98656bc5-q8ng6,POD,received_packets,0.22047286287356513
oakestra,oakestra-system,cluster-netmanager-7d98656bc5-q8ng6,POD,transmit_bytes,25.621599688596035
oakestra,oakestra-system,cluster-netmanager-7d98656bc5-q8ng6,POD,transmit_packets,0.315646777897044
oakestra,oakestra-system,mongo-5759468d74-75wk2,POD,received_bytes,25.908540664939807
oakestra,oakestra-system,mongo-5759468d74-75wk2,POD,received_packets,0.31669002025428233
oakestra,oakestra-system,mongo-5759468d74-75wk2,POD,transmit_bytes,73.67361811472067
oakestra,oakestra-system,mongo-5759468d74-75wk2,POD,transmit_packets,0.22383500124074382
oakestra,oakestra-system,mosquitto-559ccc5d46-hvrpf,POD,received_bytes,18.55263852399794
oakestra,oakestra-system,mosquitto-559ccc5d46-hvrpf,POD,received_packets,0.2088406918223831
oakestra,oakestra-system,mosquitto-559ccc5d46-hvrpf,POD,transmit_bytes,9.619096881240596
oakestra,oakestra-system,mosquitto-559ccc5d46-hvrpf,POD,transmit_packets,0.14047610174090008
oakestra,oakestra-system,oakestra-agent-6775cbd55b-mdhxn,POD,received_bytes,9386.546264759505
oakestra,oakestra-system,oakestra-agent-6775cbd55b-mdhxn,POD,received_packets,4.554319394253661
oakestra,oakestra-system,oakestra-agent-6775cbd55b-mdhxn,POD,transmit_bytes,605.8807577304282
oakestra,oakestra-system,oakestra-agent-6775cbd55b-mdhxn,POD,transmit_packets,5.714742808415552
ocm,kube-prometheus-stack,alertmanager-kube-prometheus-stack-alertmanager-0,POD,received_bytes,288.2811688742948
ocm,kube-prometheus-stack,alertmanager-kube-prometheus-stack-alertmanager-0,POD,received_packets,1.9765215233220967
ocm,kube-prometheus-stack,alertmanager-kube-prometheus-stack-alertmanager-0,POD,transmit_bytes,382.07691467241693
ocm,kube-prometheus-stack,alertmanager-kube-prometheus-stack-alertmanager-0,POD,transmit_packets,1.7221562400763748
ocm,kube-prometheus-stack,kube-prometheus-stack-grafana-7cf5785ff8-nknv6,POD,received_bytes,9951.432323028142
ocm,kube-prometheus-stack,kube-prometheus-stack-grafana-7cf5785ff8-nknv6,POD,received_packets,2.0814614438142995
ocm,kube-prometheus-stack,kube-prometheus-stack-grafana-7cf5785ff8-nknv6,POD,transmit_bytes,314.74998012815036
ocm,kube-prometheus-stack,kube-prometheus-stack-grafana-7cf5785ff8-nknv6,POD,transmit_packets,1.9143371249953611
ocm,kube-prometheus-stack,kube-prometheus-stack-kube-state-metrics-65594f9476-x4g5s,POD,received_bytes,1399.4485036383705
ocm,kube-prometheus-stack,kube-prometheus-stack-kube-state-metrics-65594f9476-x4g5s,POD,received_packets,5.016447595214724
ocm,kube-prometheus-stack,kube-prometheus-stack-kube-state-metrics-65594f9476-x4g5s,POD,transmit_bytes,14529.621037772684
ocm,kube-prometheus-stack,kube-prometheus-stack-kube-state-metrics-65594f9476-x4g5s,POD,transmit_packets,4.758906789533839
ocm,kube-prometheus-stack,kube-prometheus-stack-operator-75bc89f54b-v9tpz,POD,received_bytes,431.25026822190557
ocm,kube-prometheus-stack,kube-prometheus-stack-operator-75bc89f54b-v9tpz,POD,received_packets,0.9390348655039662
ocm,kube-prometheus-stack,kube-prometheus-stack-operator-75bc89f54b-v9tpz,POD,transmit_bytes,224.94270157374783
ocm,kube-prometheus-stack,kube-prometheus-stack-operator-75bc89f54b-v9tpz,POD,transmit_packets,0.9740293993531304
ocm,kube-prometheus-stack,kube-prometheus-stack-prometheus-node-exporter-2zrrn,POD,received_bytes,4399.546663365813
ocm,kube-prometheus-stack,kube-prometheus-stack-prometheus-node-exporter-2zrrn,POD,received_packets,12.344248139650654
ocm,kube-prometheus-stack,kube-prometheus-stack-prometheus-node-exporter-2zrrn,POD,transmit_bytes,4124.271499883985
ocm,kube-prometheus-stack,kube-prometheus-stack-prometheus-node-exporter-2zrrn,POD,transmit_packets,12.619925482525296
ocm,kube-prometheus-stack,kube-prometheus-stack-prometheus-node-exporter-7qqbh,POD,received_bytes,3162.20803027466
ocm,kube-prometheus-stack,kube-prometheus-stack-prometheus-node-exporter-7qqbh,POD,received_packets,24.747756523021252
ocm,kube-prometheus-stack,kube-prometheus-stack-prometheus-node-exporter-7qqbh,POD,transmit_bytes,30317.576397567653
ocm,kube-prometheus-stack,kube-prometheus-stack-prometheus-node-exporter-7qqbh,POD,transmit_packets,23.865812846047678
ocm,kube-prometheus-stack,kube-prometheus-stack-prometheus-node-exporter-cwt54,POD,received_bytes,2507.2049297748185
ocm,kube-prometheus-stack,kube-prometheus-stack-prometheus-node-exporter-cwt54,POD,received_packets,7.510955737516724
ocm,kube-prometheus-stack,kube-prometheus-stack-prometheus-node-exporter-cwt54,POD,transmit_bytes,3594.565806725386
ocm,kube-prometheus-stack,kube-prometheus-stack-prometheus-node-exporter-cwt54,POD,transmit_packets,7.6973174659830335
ocm,kube-prometheus-stack,kube-prometheus-stack-prometheus-node-exporter-jp559,POD,received_bytes,17742.998022049174
ocm,kube-prometheus-stack,kube-prometheus-stack-prometheus-node-exporter-jp559,POD,received_packets,12.82054919603101
ocm,kube-prometheus-stack,kube-prometheus-stack-prometheus-node-exporter-jp559,POD,transmit_bytes,33246.883135910604
ocm,kube-prometheus-stack,kube-prometheus-stack-prometheus-node-exporter-jp559,POD,transmit_packets,13.898149371166909
ocm,kube-prometheus-stack,kube-prometheus-stack-prometheus-node-exporter-wvpgq,POD,received_bytes,46753.67324628285
ocm,kube-prometheus-stack,kube-prometheus-stack-prometheus-node-exporter-wvpgq,POD,received_packets,28.973157942353378
ocm,kube-prometheus-stack,kube-prometheus-stack-prometheus-node-exporter-wvpgq,POD,transmit_bytes,34030.24260160755
ocm,kube-prometheus-stack,kube-prometheus-stack-prometheus-node-exporter-wvpgq,POD,transmit_packets,28.7422235712919
ocm,kube-prometheus-stack,kube-prometheus-stack-prometheus-node-exporter-x7d4l,POD,received_bytes,11363.431311724407
ocm,kube-prometheus-stack,kube-prometheus-stack-prometheus-node-exporter-x7d4l,POD,received_packets,5.752112296669714
ocm,kube-prometheus-stack,kube-prometheus-stack-prometheus-node-exporter-x7d4l,POD,transmit_bytes,12166.723443530529
ocm,kube-prometheus-stack,kube-prometheus-stack-prometheus-node-exporter-x7d4l,POD,transmit_packets,6.047890652568945
ocm,kube-prometheus-stack,prometheus-kube-prometheus-stack-prometheus-0,POD,received_bytes,31538.42753728929
ocm,kube-prometheus-stack,prometheus-kube-prometheus-stack-prometheus-0,POD,received_packets,12.890603825249565
ocm,kube-prometheus-stack,prometheus-kube-prometheus-stack-prometheus-0,POD,transmit_bytes,1253.3650563501196
ocm,kube-prometheus-stack,prometheus-kube-prometheus-stack-prometheus-0,POD,transmit_packets,12.110440464479742
ocm,kube-system,calico-kube-controllers-658d97c59c-wnz7d,POD,received_bytes,1429.0965089224712
ocm,kube-system,calico-kube-controllers-658d97c59c-wnz7d,POD,received_packets,1.0482659858507093
ocm,kube-system,calico-kube-controllers-658d97c59c-wnz7d,POD,transmit_bytes,80.46511965907568
ocm,kube-system,calico-kube-controllers-658d97c59c-wnz7d,POD,transmit_packets,0.9314362357182616
ocm,kube-system,calico-node-58r6r,POD,received_bytes,4618.823862541125
ocm,kube-system,calico-node-58r6r,POD,received_packets,12.969855622037194
ocm,kube-system,calico-node-58r6r,POD,transmit_bytes,4387.511312700269
ocm,kube-system,calico-node-58r6r,POD,transmit_packets,13.27046163232093
ocm,kube-system,calico-node-dtvdv,POD,received_bytes,3572.923432135138
ocm,kube-system,calico-node-dtvdv,POD,received_packets,26.061532425818637
ocm,kube-system,calico-node-dtvdv,POD,transmit_bytes,30973.70165352563
ocm,kube-system,calico-node-dtvdv,POD,transmit_packets,25.037379046590406
ocm,kube-system,calico-node-jbpm2,POD,received_bytes,46370.74671529579
ocm,kube-system,calico-node-jbpm2,POD,received_packets,28.27443958949661
ocm,kube-system,calico-node-jbpm2,POD,transmit_bytes,33445.639883013006
ocm,kube-system,calico-node-jbpm2,POD,transmit_packets,28.13081542884108
ocm,kube-system,calico-node-m9xjs,POD,received_bytes,2449.8972015778936
ocm,kube-system,calico-node-m9xjs,POD,received_packets,7.300439227910509
ocm,kube-system,calico-node-m9xjs,POD,transmit_bytes,3550.8753555898606
ocm,kube-system,calico-node-m9xjs,POD,transmit_packets,7.497286492244695
ocm,kube-system,calico-node-sltms,POD,received_bytes,17429.256079846295
ocm,kube-system,calico-node-sltms,POD,received_packets,13.02293990515193
ocm,kube-system,calico-node-sltms,POD,transmit_bytes,32634.877731666318
ocm,kube-system,calico-node-sltms,POD,transmit_packets,14.108799426071664
ocm,kube-system,calico-node-xr8fq,POD,received_bytes,10356.788643478563
ocm,kube-system,calico-node-xr8fq,POD,received_packets,5.510351319865926
ocm,kube-system,calico-node-xr8fq,POD,transmit_bytes,11109.41367991206
ocm,kube-system,calico-node-xr8fq,POD,transmit_packets,5.796172643207181
ocm,kube-system,coredns-76f75df574-48f9l,POD,received_bytes,100.45463050505822
ocm,kube-system,coredns-76f75df574-48f9l,POD,received_packets,1.076098456325958
ocm,kube-system,coredns-76f75df574-48f9l,POD,transmit_bytes,94.87455477767121
ocm,kube-system,coredns-76f75df574-48f9l,POD,transmit_packets,1.0019578305015988
ocm,kube-system,coredns-76f75df574-wdrlm,POD,received_bytes,104.93308757161834
ocm,kube-system,coredns-76f75df574-wdrlm,POD,received_packets,1.121047120980556
ocm,kube-system,coredns-76f75df574-wdrlm,POD,transmit_bytes,98.53111594976632
ocm,kube-system,coredns-76f75df574-wdrlm,POD,transmit_packets,1.0427999715236165
ocm,kube-system,etcd-kubernetes-1,POD,received_bytes,3577.940048029531
ocm,kube-system,etcd-kubernetes-1,POD,received_packets,26.02027223318919
ocm,kube-system,etcd-kubernetes-1,POD,transmit_bytes,31079.693108813124
ocm,kube-system,etcd-kubernetes-1,POD,transmit_packets,25.095310095879057
ocm,kube-system,kube-apiserver-kubernetes-1,POD,received_bytes,3101.2759708774124
ocm,kube-system,kube-apiserver-kubernetes-1,POD,received_packets,24.50175110890794
ocm,kube-system,kube-apiserver-kubernetes-1,POD,transmit_bytes,29724.603232746605
ocm,kube-system,kube-apiserver-kubernetes-1,POD,transmit_packets,23.649783888997813
ocm,kube-system,kube-controller-manager-kubernetes-1,POD,received_bytes,3665.467654534197
ocm,kube-system,kube-controller-manager-kubernetes-1,POD,received_packets,26.394561732648715
ocm,kube-system,kube-controller-manager-kubernetes-1,POD,transmit_bytes,31688.33287515282
ocm,kube-system,kube-controller-manager-kubernetes-1,POD,transmit_packets,25.448351508564105
ocm,kube-system,kube-proxy-5lmn2,POD,received_bytes,2606.5896635093472
ocm,kube-system,kube-proxy-5lmn2,POD,received_packets,7.591438498439309
ocm,kube-system,kube-proxy-5lmn2,POD,transmit_bytes,3654.260281041024
ocm,kube-system,kube-proxy-5lmn2,POD,transmit_packets,7.766823604220829
ocm,kube-system,kube-proxy-7gkcs,POD,received_bytes,4628.025642639958
ocm,kube-system,kube-proxy-7gkcs,POD,received_packets,12.805098548998302
ocm,kube-system,kube-proxy-7gkcs,POD,transmit_bytes,4279.223629355658
ocm,kube-system,kube-proxy-7gkcs,POD,transmit_packets,13.085722117032658
ocm,kube-system,kube-proxy-g62hh,POD,received_bytes,3553.813654231342
ocm,kube-system,kube-proxy-g62hh,POD,received_packets,25.83449129056469
ocm,kube-system,kube-proxy-g62hh,POD,transmit_bytes,30205.448320033956
ocm,kube-system,kube-proxy-g62hh,POD,transmit_packets,24.90254190689232
ocm,kube-system,kube-proxy-jfw5x,POD,received_bytes,17018.79618451613
ocm,kube-system,kube-proxy-jfw5x,POD,received_packets,12.818993353934133
ocm,kube-system,kube-proxy-jfw5x,POD,transmit_bytes,31438.823723746173
ocm,kube-system,kube-proxy-jfw5x,POD,transmit_packets,13.80094546021548
ocm,kube-system,kube-proxy-sxbxp,POD,received_bytes,10991.23902951261
ocm,kube-system,kube-proxy-sxbxp,POD,received_packets,5.682472416396634
ocm,kube-system,kube-proxy-sxbxp,POD,transmit_bytes,11645.253320729089
ocm,kube-system,kube-proxy-sxbxp,POD,transmit_packets,5.965644829964222
ocm,kube-system,kube-proxy-zzv9m,POD,received_bytes,45782.18337318232
ocm,kube-system,kube-proxy-zzv9m,POD,received_packets,28.84823842323189
ocm,kube-system,kube-proxy-zzv9m,POD,transmit_bytes,33611.48795382647
ocm,kube-system,kube-proxy-zzv9m,POD,transmit_packets,28.62974265785969
ocm,kube-system,kube-scheduler-kubernetes-1,POD,received_bytes,3457.688741553781
ocm,kube-system,kube-scheduler-kubernetes-1,POD,received_packets,26.111275364076917
ocm,kube-system,kube-scheduler-kubernetes-1,POD,transmit_bytes,30162.049423494536
ocm,kube-system,kube-scheduler-kubernetes-1,POD,transmit_packets,25.147614890000842
ocm,kube-system,metrics-server-69fb86cf66-hxxmj,POD,received_bytes,46903.77828829226
ocm,kube-system,metrics-server-69fb86cf66-hxxmj,POD,received_packets,29.173491917353076
ocm,kube-system,metrics-server-69fb86cf66-hxxmj,POD,transmit_bytes,34224.01591281323
ocm,kube-system,metrics-server-69fb86cf66-hxxmj,POD,transmit_packets,28.92983547019847
ocm,open-cluster-management,klusterlet-84c5d6fd77-rzx2j,POD,received_bytes,937.9604443282888
ocm,open-cluster-management,klusterlet-84c5d6fd77-rzx2j,POD,received_packets,3.126558025066126
ocm,open-cluster-management,klusterlet-84c5d6fd77-rzx2j,POD,transmit_bytes,830.9712025184175
ocm,open-cluster-management,klusterlet-84c5d6fd77-rzx2j,POD,transmit_packets,3.1397327562937924
ocm,open-cluster-management-agent,klusterlet-registration-agent-84bc7c6b5c-rtrnl,POD,received_bytes,494.4067817987223
ocm,open-cluster-management-agent,klusterlet-registration-agent-84bc7c6b5c-rtrnl,POD,received_packets,2.121474309203378
ocm,open-cluster-management-agent,klusterlet-registration-agent-84bc7c6b5c-rtrnl,POD,transmit_bytes,656.106306801055
ocm,open-cluster-management-agent,klusterlet-registration-agent-84bc7c6b5c-rtrnl,POD,transmit_packets,2.1324135927240815
ocm,open-cluster-management-agent,klusterlet-work-agent-846989bd45-82vkw,POD,received_bytes,236.45594002708148
ocm,open-cluster-management-agent,klusterlet-work-agent-846989bd45-82vkw,POD,received_packets,1.8098225131849883
ocm,open-cluster-management-agent,klusterlet-work-agent-846989bd45-82vkw,POD,transmit_bytes,623.9471599304223
ocm,open-cluster-management-agent,klusterlet-work-agent-846989bd45-82vkw,POD,transmit_packets,1.8274024616406228
